{
    "bpm": 85,
    "name": "勾指起誓",
    "cover":"109951163944178164.jpg",
    "media":"109951166108031241.jpg",
    "artists":"洛天依/ilem",
    "type":"windsong",
    "version":1,
    "title":"勾指起誓",
    "notes": [
      { "beat": 16, "id": "N" },
      { "beat": 16, "id": "D" },
      { "beat": 16, "id": "H" },
      { "beat": 16, "id": "Q" },
      { "beat": 8, "id": "T" },
      { "beat": 8, "id": "QHFAV" },
      { "beat": 16, "id": "V" },
      { "beat": 16, "id": "A" },
      { "beat": 16, "id": "F" },
      { "beat": 16, "id": "H" },
      { "beat": 8, "id": "Q" },
      { "beat": 8, "id": "T" },
      { "beat": 16, "id": "B" },
      { "beat": 16, "id": "M" },
      { "beat": 16, "id": "S" },
      { "beat": 16, "id": "G" },
      { "beat": 8, "id": "Q" },
      { "beat": 8, "id": "TQGDA" },
      { "beat": 16, "id": "A" },
      { "beat": 16, "id": "G" },
      { "beat": 8, "id": "E" },
      { "beat": 16, "id": "W" },
      { "beat": 32, "id": "E" },
      { "beat": 32, "id": "W" },
      { "beat": 8, "id": "Q" },
      { "beat": 16, "id": "N" },
      { "beat": 16, "id": "D" },
      { "beat": 16, "id": "H" },
      { "beat": 16, "id": "Q" },
      { "beat": 8, "id": "T" },
      { "beat": 8, "id": "QHFAV" },
      { "beat": 16, "id": "V" },
      { "beat": 16, "id": "A" },
      { "beat": 16, "id": "F" },
      { "beat": 16, "id": "H" },
      { "beat": 8, "id": "Q" },
      { "beat": 8, "id": "T" },
      { "beat": 16, "id": "B" },
      { "beat": 16, "id": "M" },
      { "beat": 16, "id": "S" },
      { "beat": 16, "id": "G" },
      { "beat": 8, "id": "Q" },
      { "beat": 8, "id": "TQGDA" },
      { "beat": 16, "id": "A" },
      { "beat": 16, "id": "G" },
      { "beat": 8, "id": "Q" },
      { "beat": 16, "id": "D" },
      { "beat": 16, "id": "EQ" },
      { "beat": 8, "id": "G" },
      { "beat": 2, "id": "QGDA" },
      { "beat": 8, "id": "G" },
      { "beat": 8, "id": "Q" },
      { "beat": 8, "id": "WGDN" },
      { "beat": 8, "id": "Q" },
      { "beat": 8, "id": "Q" },
      { "beat": 8, "id": "Q" },
      { "beat": 8, "id": "EQHF" },
      { "beat": 8, "id": "Q" },
      { "beat": 8, "id": "Q" },
      { "beat": 8, "id": "Q" },
      { "beat": 8, "id": "WGSMB" },
      { "beat": 8, "id": "E" },
      { "beat": 8, "id": "W" },
      { "beat": 8, "id": "Q" },
      { "beat": 8, "id": "EQGDA" },
      { "beat": 8, "id": "D" },
      { "beat": 8, "id": "G" },
      { "beat": 8, "id": "Q" },
      { "beat": 8, "id": "WGDN" },
      { "beat": 8, "id": "Q" },
      { "beat": 8, "id": "Q" },
      { "beat": 8, "id": "Q" },
      { "beat": 8, "id": "EQHF" },
      { "beat": 8, "id": "Q" },
      { "beat": 8, "id": "Q" },
      { "beat": 8, "id": "Q" },
      { "beat": 8, "id": "WGSMB" },
      { "beat": 8, "id": "E" },
      { "beat": 8, "id": "W" },
      { "beat": 8, "id": "Q" },
      { "beat": 8, "id": "QGDA" },
      { "beat": 8, "id": "D" },
      { "beat": 8, "id": "G" },
      { "beat": 8, "id": "Q" },
      { "beat": 8, "id": "WGDN" },
      { "beat": 8, "id": "Q" },
      { "beat": 8, "id": "Q" },
      { "beat": 8, "id": "Q" },
      { "beat": 8, "id": "EQHF" },
      { "beat": 8, "id": "Q" },
      { "beat": 8, "id": "Q" },
      { "beat": 8, "id": "Q" },
      { "beat": 8, "id": "WGSMB" },
      { "beat": 8, "id": "E" },
      { "beat": 8, "id": "W" },
      { "beat": 8, "id": "Q" },
      { "beat": 8, "id": "EQGDA" },
      { "beat": 8, "id": "D" },
      { "beat": 8, "id": "G" },
      { "beat": 8, "id": "Q" },
      { "beat": 8, "id": "WGDN" },
      { "beat": 8, "id": "Q" },
      { "beat": 8, "id": "Q" },
      { "beat": 8, "id": "Q" },
      { "beat": 8, "id": "EQHF" },
      { "beat": 8, "id": "Q" },
      { "beat": 8, "id": "Q" },
      { "beat": 8, "id": "Q" },
      { "beat": 8, "id": "WGSMB" },
      { "beat": 8, "id": "E" },
      { "beat": 8, "id": "W" },
      { "beat": 8, "id": "Q" },
      { "beat": 4, "id": "QGDA" },
      { "beat": 8, "id": "W" },
      { "beat": 8, "id": "Q" },
      { "beat": 8, "id": "TQGDN" },
      { "beat": 8, "id": "Q" },
      { "beat": 8, "id": "QGD" },
      { "beat": 16, "id": "Q" },
      { "beat": 16, "id": "T" },
      { "beat": 8, "id": "WHF" },
      { "beat": 8, "id": "Q" },
      { "beat": 8, "id": "QHF" },
      { "beat": 8, "id": "H" },
      { "beat": 8, "id": "WGSMB" },
      { "beat": 8, "id": "Q" },
      { "beat": 8, "id": "QGS" },
      { "beat": 8, "id": "T" },
      { "beat": 8, "id": "EQGDA" },
      { "beat": 8, "id": "D" },
      { "beat": 8, "id": "WG" },
      { "beat": 8, "id": "Q" },
      { "beat": 8, "id": "TQGDN" },
      { "beat": 8, "id": "Q" },
      { "beat": 8, "id": "QGD" },
      { "beat": 16, "id": "Q" },
      { "beat": 16, "id": "T" },
      { "beat": 8, "id": "WHF" },
      { "beat": 8, "id": "Q" },
      { "beat": 8, "id": "QHF" },
      { "beat": 8, "id": "H" },
      { "beat": 8, "id": "WGSMB" },
      { "beat": 16, "id": "Q" },
      { "beat": 16, "id": "Q" },
      { "beat": 8, "id": "QGS" },
      { "beat": 8, "id": "W" },
      { "beat": 8, "id": "QGDA" },
      { "beat": 8, "id": "D" },
      { "beat": 8, "id": "WG" },
      { "beat": 8, "id": "Q" },
      { "beat": 8, "id": "TQGDN" },
      { "beat": 8, "id": "Q" },
      { "beat": 8, "id": "QGD" },
      { "beat": 16, "id": "Q" },
      { "beat": 16, "id": "T" },
      { "beat": 8, "id": "WHF" },
      { "beat": 8, "id": "Q" },
      { "beat": 8, "id": "QHF" },
      { "beat": 8, "id": "H" },
      { "beat": 8, "id": "WGSMB" },
      { "beat": 8, "id": "Q" },
      { "beat": 8, "id": "QGS" },
      { "beat": 8, "id": "T" },
      { "beat": 8, "id": "EQGDA" },
      { "beat": 8, "id": "D" },
      { "beat": 8, "id": "WG" },
      { "beat": 8, "id": "Q" },
      { "beat": 8, "id": "TQGDN" },
      { "beat": 8, "id": "Q" },
      { "beat": 8, "id": "QGD" },
      { "beat": 16, "id": "Q" },
      { "beat": 16, "id": "T" },
      { "beat": 8, "id": "WHF" },
      { "beat": 8, "id": "Q" },
      { "beat": 8, "id": "QHF" },
      { "beat": 8, "id": "H" },
      { "beat": 8, "id": "WGSMB" },
      { "beat": 8, "id": "Q" },
      { "beat": 8, "id": "QGS" },
      { "beat": 8, "id": "W" },
      { "beat": 4, "id": "QGDA" },
      { "beat": 16, "id": "E" },
      { "beat": 16, "id": "W" },
      { "beat": 16, "id": "W" },
      { "beat": 16, "id": "Q" },
      { "beat": 8, "id": "QGDN" },
      { "beat": 8, "id": "T" },
      { "beat": 8, "id": "TQGD" },
      { "beat": 16, "id": "W" },
      { "beat": 16, "id": "Q" },
      { "beat": 8, "id": "QHFAV" },
      { "beat": 8, "id": "T" },
      { "beat": 8, "id": "TQHF" },
      { "beat": 16, "id": "W" },
      { "beat": 16, "id": "Q" },
      { "beat": 8, "id": "QGSAB" },
      { "beat": 16, "id": "W" },
      { "beat": 16, "id": "Q" },
      { "beat": 8, "id": "QGS" },
      { "beat": 16, "id": "W" },
      { "beat": 16, "id": "Q" },
      { "beat": 8, "id": "QGDA" },
      { "beat": 8, "id": "W" },
      { "beat": 8, "id": "QGD" },
      { "beat": 8, "id": "Q" },
      { "beat": 16, "id": "WGDN" },
      { "beat": 16, "id": "Q" },
      { "beat": 8, "id": "Q" },
      { "beat": 8, "id": "EQGD" },
      { "beat": 8, "id": "E" },
      { "beat": 16, "id": "WHF" },
      { "beat": 16, "id": "Q" },
      { "beat": 16, "id": "W" },
      { "beat": 16, "id": "Y" },
      { "beat": 16, "id": "T" },
      { "beat": 16, "id": "E" },
      { "beat": 16, "id": "W" },
      { "beat": 16, "id": "Q" },
      { "beat": 8, "id": "WGSMB" },
      { "beat": 8, "id": "E" },
      { "beat": 8, "id": "W" },
      { "beat": 8, "id": "Q" },
      { "beat": 8, "id": "QGDA" },
      { "beat": 8, "id": "D" },
      { "beat": 8, "id": "G" },
      { "beat": 16, "id": "W" },
      { "beat": 16, "id": "Q" },
      { "beat": 8, "id": "WGDN" },
      { "beat": 8, "id": "T" },
      { "beat": 8, "id": "TWGD" },
      { "beat": 16, "id": "W" },
      { "beat": 16, "id": "Q" },
      { "beat": 8, "id": "QHFAV" },
      { "beat": 8, "id": "T" },
      { "beat": 8, "id": "TQHF" },
      { "beat": 16, "id": "W" },
      { "beat": 16, "id": "Q" },
      { "beat": 8, "id": "QGSMB" },
      { "beat": 16, "id": "W" },
      { "beat": 16, "id": "Q" },
      { "beat": 8, "id": "QGS" },
      { "beat": 16, "id": "W" },
      { "beat": 16, "id": "Q" },
      { "beat": 8, "id": "QGDA" },
      { "beat": 8, "id": "W" },
      { "beat": 8, "id": "QGD" },
      { "beat": 8, "id": "Q" },
      { "beat": 16, "id": "WGDN" },
      { "beat": 16, "id": "Q" },
      { "beat": 8, "id": "Q" },
      { "beat": 8, "id": "EQGD" },
      { "beat": 8, "id": "E" },
      { "beat": 16, "id": "WHF" },
      { "beat": 16, "id": "Q" },
      { "beat": 16, "id": "W" },
      { "beat": 16, "id": "Y" },
      { "beat": 16, "id": "T" },
      { "beat": 16, "id": "E" },
      { "beat": 16, "id": "W" },
      { "beat": 16, "id": "Q" },
      { "beat": 8, "id": "WGSMB" },
      { "beat": 8, "id": "Q" },
      { "beat": 8, "id": "QGS" },
      { "beat": 8, "id": "W" },
      { "beat": 4, "id": "QGDA" },
      { "beat": 8, "id": "G" },
      { "beat": 8, "id": "Q" },
      { "beat": 8, "id": "WGDN" },
      { "beat": 8, "id": "Q" },
      { "beat": 8, "id": "Q" },
      { "beat": 8, "id": "Q" },
      { "beat": 8, "id": "EQHF" },
      { "beat": 8, "id": "Q" },
      { "beat": 8, "id": "Q" },
      { "beat": 8, "id": "Q" },
      { "beat": 8, "id": "WGSMB" },
      { "beat": 8, "id": "E" },
      { "beat": 8, "id": "W" },
      { "beat": 8, "id": "Q" },
      { "beat": 8, "id": "EQGDA" },
      { "beat": 8, "id": "D" },
      { "beat": 8, "id": "G" },
      { "beat": 8, "id": "Q" },
      { "beat": 8, "id": "WGDN" },
      { "beat": 8, "id": "Q" },
      { "beat": 8, "id": "Q" },
      { "beat": 8, "id": "Q" },
      { "beat": 8, "id": "EQHF" },
      { "beat": 8, "id": "Q" },
      { "beat": 8, "id": "Q" },
      { "beat": 8, "id": "Q" },
      { "beat": 8, "id": "WGSMB" },
      { "beat": 8, "id": "E" },
      { "beat": 8, "id": "W" },
      { "beat": 8, "id": "Q" },
      { "beat": 8, "id": "QGDA" },
      { "beat": 8, "id": "D" },
      { "beat": 8, "id": "G" },
      { "beat": 8, "id": "Q" },
      { "beat": 8, "id": "WGDN" },
      { "beat": 8, "id": "Q" },
      { "beat": 8, "id": "Q" },
      { "beat": 8, "id": "Q" },
      { "beat": 8, "id": "EQHF" },
      { "beat": 8, "id": "Q" },
      { "beat": 8, "id": "Q" },
      { "beat": 8, "id": "Q" },
      { "beat": 8, "id": "WGSMB" },
      { "beat": 8, "id": "E" },
      { "beat": 8, "id": "W" },
      { "beat": 8, "id": "Q" },
      { "beat": 8, "id": "EQGDA" },
      { "beat": 8, "id": "D" },
      { "beat": 8, "id": "G" },
      { "beat": 8, "id": "Q" },
      { "beat": 8, "id": "WGDN" },
      { "beat": 8, "id": "Q" },
      { "beat": 8, "id": "Q" },
      { "beat": 8, "id": "Q" },
      { "beat": 8, "id": "EQHF" },
      { "beat": 8, "id": "Q" },
      { "beat": 8, "id": "Q" },
      { "beat": 8, "id": "Q" },
      { "beat": 8, "id": "WGSMB" },
      { "beat": 8, "id": "E" },
      { "beat": 8, "id": "W" },
      { "beat": 8, "id": "Q" },
      { "beat": 4, "id": "QGDA" },
      { "beat": 8, "id": "W" },
      { "beat": 8, "id": "Q" },
      { "beat": 8, "id": "TQGDN" },
      { "beat": 8, "id": "Q" },
      { "beat": 8, "id": "QGD" },
      { "beat": 16, "id": "Q" },
      { "beat": 16, "id": "T" },
      { "beat": 8, "id": "WHF" },
      { "beat": 8, "id": "Q" },
      { "beat": 8, "id": "QHF" },
      { "beat": 8, "id": "H" },
      { "beat": 8, "id": "WGSMB" },
      { "beat": 8, "id": "Q" },
      { "beat": 8, "id": "QGS" },
      { "beat": 8, "id": "T" },
      { "beat": 8, "id": "EQGDA" },
      { "beat": 8, "id": "D" },
      { "beat": 8, "id": "WG" },
      { "beat": 8, "id": "Q" },
      { "beat": 8, "id": "TQGDN" },
      { "beat": 8, "id": "Q" },
      { "beat": 8, "id": "QGD" },
      { "beat": 16, "id": "Q" },
      { "beat": 16, "id": "T" },
      { "beat": 8, "id": "WHF" },
      { "beat": 8, "id": "Q" },
      { "beat": 8, "id": "QHF" },
      { "beat": 8, "id": "H" },
      { "beat": 8, "id": "WGSMB" },
      { "beat": 16, "id": "Q" },
      { "beat": 16, "id": "Q" },
      { "beat": 8, "id": "QGS" },
      { "beat": 8, "id": "W" },
      { "beat": 8, "id": "QGDA" },
      { "beat": 8, "id": "D" },
      { "beat": 8, "id": "WG" },
      { "beat": 8, "id": "Q" },
      { "beat": 8, "id": "TQGDN" },
      { "beat": 8, "id": "Q" },
      { "beat": 8, "id": "QGD" },
      { "beat": 16, "id": "Q" },
      { "beat": 16, "id": "T" },
      { "beat": 8, "id": "WHF" },
      { "beat": 8, "id": "Q" },
      { "beat": 8, "id": "QHF" },
      { "beat": 8, "id": "H" },
      { "beat": 8, "id": "WGSMB" },
      { "beat": 8, "id": "Q" },
      { "beat": 8, "id": "QGS" },
      { "beat": 8, "id": "T" },
      { "beat": 8, "id": "EQGDA" },
      { "beat": 8, "id": "D" },
      { "beat": 8, "id": "WG" },
      { "beat": 8, "id": "Q" },
      { "beat": 8, "id": "TQGDN" },
      { "beat": 8, "id": "Q" },
      { "beat": 8, "id": "QGD" },
      { "beat": 16, "id": "Q" },
      { "beat": 16, "id": "T" },
      { "beat": 8, "id": "WHF" },
      { "beat": 8, "id": "Q" },
      { "beat": 8, "id": "QHF" },
      { "beat": 8, "id": "H" },
      { "beat": 8, "id": "WGSMB" },
      { "beat": 8, "id": "Q" },
      { "beat": 8, "id": "QGS" },
      { "beat": 8, "id": "W" },
      { "beat": 4, "id": "QGDA" },
      { "beat": 16, "id": "E" },
      { "beat": 16, "id": "W" },
      { "beat": 16, "id": "W" },
      { "beat": 16, "id": "Q" },
      { "beat": 8, "id": "QGDN" },
      { "beat": 8, "id": "T" },
      { "beat": 8, "id": "TQGD" },
      { "beat": 16, "id": "W" },
      { "beat": 16, "id": "Q" },
      { "beat": 8, "id": "QHFAV" },
      { "beat": 8, "id": "T" },
      { "beat": 8, "id": "TQHF" },
      { "beat": 16, "id": "W" },
      { "beat": 16, "id": "Q" },
      { "beat": 8, "id": "QGSAB" },
      { "beat": 16, "id": "W" },
      { "beat": 16, "id": "Q" },
      { "beat": 8, "id": "QGS" },
      { "beat": 16, "id": "W" },
      { "beat": 16, "id": "Q" },
      { "beat": 8, "id": "QGDA" },
      { "beat": 8, "id": "W" },
      { "beat": 8, "id": "QGD" },
      { "beat": 8, "id": "Q" },
      { "beat": 16, "id": "WGDN" },
      { "beat": 16, "id": "Q" },
      { "beat": 8, "id": "Q" },
      { "beat": 8, "id": "EQGD" },
      { "beat": 8, "id": "E" },
      { "beat": 16, "id": "WHF" },
      { "beat": 16, "id": "Q" },
      { "beat": 16, "id": "W" },
      { "beat": 16, "id": "Y" },
      { "beat": 16, "id": "T" },
      { "beat": 16, "id": "E" },
      { "beat": 16, "id": "W" },
      { "beat": 16, "id": "Q" },
      { "beat": 8, "id": "WGSMB" },
      { "beat": 8, "id": "E" },
      { "beat": 8, "id": "W" },
      { "beat": 8, "id": "Q" },
      { "beat": 8, "id": "QGDA" },
      { "beat": 8, "id": "D" },
      { "beat": 8, "id": "G" },
      { "beat": 16, "id": "W" },
      { "beat": 16, "id": "Q" },
      { "beat": 8, "id": "WGDN" },
      { "beat": 8, "id": "T" },
      { "beat": 8, "id": "TWGD" },
      { "beat": 16, "id": "W" },
      { "beat": 16, "id": "Q" },
      { "beat": 8, "id": "QHFAV" },
      { "beat": 8, "id": "T" },
      { "beat": 8, "id": "TQHF" },
      { "beat": 16, "id": "W" },
      { "beat": 16, "id": "Q" },
      { "beat": 8, "id": "QGSMB" },
      { "beat": 16, "id": "W" },
      { "beat": 16, "id": "Q" },
      { "beat": 8, "id": "QGS" },
      { "beat": 16, "id": "W" },
      { "beat": 16, "id": "Q" },
      { "beat": 8, "id": "QGDA" },
      { "beat": 8, "id": "W" },
      { "beat": 8, "id": "QGD" },
      { "beat": 8, "id": "Q" },
      { "beat": 16, "id": "WGDN" },
      { "beat": 16, "id": "Q" },
      { "beat": 8, "id": "Q" },
      { "beat": 8, "id": "EQGD" },
      { "beat": 8, "id": "E" },
      { "beat": 16, "id": "WHF" },
      { "beat": 16, "id": "Q" },
      { "beat": 16, "id": "W" },
      { "beat": 16, "id": "Y" },
      { "beat": 16, "id": "T" },
      { "beat": 16, "id": "E" },
      { "beat": 16, "id": "W" },
      { "beat": 16, "id": "Q" },
      { "beat": 8, "id": "WGSMB" },
      { "beat": 8, "id": "Q" },
      { "beat": 8, "id": "QGS" },
      { "beat": 8, "id": "W" },
      { "beat": 4, "id": "QGDA" },
      { "beat": 8, "id": "WGD" },
      { "beat": 8, "id": "Q" },
      { "beat": 8, "id": "TQGDN" },
      { "beat": 8, "id": "Q" },
      { "beat": 8, "id": "QGD" },
      { "beat": 16, "id": "Q" },
      { "beat": 16, "id": "T" },
      { "beat": 8, "id": "WHF" },
      { "beat": 8, "id": "Q" },
      { "beat": 8, "id": "QHF" },
      { "beat": 8, "id": "H" },
      { "beat": 8, "id": "WGSMB" },
      { "beat": 8, "id": "Q" },
      { "beat": 8, "id": "QGS" },
      { "beat": 8, "id": "W" },
      { "beat": 8, "id": "EQGDA" },
      { "beat": 8, "id": "D" },
      { "beat": 8, "id": "WG" },
      { "beat": 8, "id": "Q" },
      { "beat": 8, "id": "TQGDN" },
      { "beat": 8, "id": "Q" },
      { "beat": 8, "id": "QGD" },
      { "beat": 16, "id": "Q" },
      { "beat": 16, "id": "T" },
      { "beat": 8, "id": "WHFAV" },
      { "beat": 8, "id": "Q" },
      { "beat": 8, "id": "QHF" },
      { "beat": 8, "id": "H" },
      { "beat": 8, "id": "WGSMB" },
      { "beat": 16, "id": "Q" },
      { "beat": 16, "id": "Q" },
      { "beat": 8, "id": "QGS" },
      { "beat": 8, "id": "W" },
      { "beat": 8, "id": "QGDA" },
      { "beat": 8, "id": "D" },
      { "beat": 8, "id": "WG" },
      { "beat": 8, "id": "Q" },
      { "beat": 8, "id": "TQGDN" },
      { "beat": 8, "id": "Q" },
      { "beat": 8, "id": "QGD" },
      { "beat": 16, "id": "Q" },
      { "beat": 16, "id": "T" },
      { "beat": 8, "id": "WHF" },
      { "beat": 8, "id": "Q" },
      { "beat": 8, "id": "QHF" },
      { "beat": 8, "id": "H" },
      { "beat": 8, "id": "WGSMB" },
      { "beat": 8, "id": "Q" },
      { "beat": 8, "id": "QGS" },
      { "beat": 8, "id": "T" },
      { "beat": 8, "id": "EQGDA" },
      { "beat": 8, "id": "D" },
      { "beat": 8, "id": "W" },
      { "beat": 8, "id": "Q" },
      { "beat": 8, "id": "TQGDN" },
      { "beat": 8, "id": "Q" },
      { "beat": 8, "id": "QGD" },
      { "beat": 16, "id": "Q" },
      { "beat": 16, "id": "T" },
      { "beat": 8, "id": "WHF" },
      { "beat": 8, "id": "Q" },
      { "beat": 8, "id": "QHF" },
      { "beat": 8, "id": "H" },
      { "beat": 8, "id": "WGSMB" },
      { "beat": 16, "id": "Q" },
      { "beat": 16, "id": "Q" },
      { "beat": 8, "id": "QGS" },
      { "beat": 8, "id": "W" },
      { "beat": 2, "id": "QGDA" }
    ]
  }
  