{
    "bpm": 180,
    "name": "皎洁的笑颜",
    "cover":"cover.jpg",
    "background":"cover.jpg",
    "type":"windsong",
    "version":1,
    "title":"皎洁的笑颜",
    "notes": [
        { "id": "AE", "beat": 4 },
        { "id": "G", "beat": 4 },
        { "id": "E", "beat": 4 },
        { "id": "G", "beat": 4 },
        { "id": "E", "beat": 4 },
        { "id": "G", "beat": 4 },
        { "id": "E", "beat": 4 },
        { "id": "R", "beat": 4 },
        { "id": "ME", "beat": 4 },
        { "id": "G", "beat": 4 },
        { "id": "E", "beat": 4 },
        { "id": "G", "beat": 4 },
        { "id": "E", "beat": 4 },
        { "id": "G", "beat": 4 },
        { "id": "Q", "beat": 4 },
        { "id": "W", "beat": 4 },
        { "id": "NE", "beat": 4 },
        { "id": "G", "beat": 4 },
        { "id": "E", "beat": 4 },
        { "id": "G", "beat": 4 },
        { "id": "E", "beat": 4 },
        { "id": "G", "beat": 4 },
        { "id": "R", "beat": 4 },
        { "id": "G", "beat": 4 },
        { "id": "BT", "beat": 4 },
        { "id": "G", "beat": 4 },
        { "id": "R", "beat": 4 },
        { "id": "G", "beat": 4 },
        { "id": "E", "beat": 4 },
        { "id": "G", "beat": 4 },
        { "id": "W", "beat": 4 },
        { "id": "G", "beat": 4 },
        { "id": "VQ", "beat": 4 },
        { "id": "G", "beat": 4 },
        { "id": "Q", "beat": 4 },
        { "id": "G", "beat": 4 },
        { "id": "Q", "beat": 4 },
        { "id": "G", "beat": 4 },
        { "id": "W", "beat": 2 },
        { "id": "CQ", "beat": 4 },
        { "id": "G", "beat": 4 },
        { "id": "Q", "beat": 4 },
        { "id": "G", "beat": 4 },
        { "id": "Q", "beat": 4 },
        { "id": "G", "beat": 4 },
        { "id": "T", "beat": 2 },
        { "id": "XQ", "beat": 4 },
        { "id": "G", "beat": 4 },
        { "id": "Q", "beat": 4 },
        { "id": "W", "beat": 4 },
        { "id": "E", "beat": 8 },
        { "id": "W", "beat": 8 },
        { "id": "E", "beat": 8 },
        { "id": "W", "beat": 8 },
        { "id": "Q", "beat": 4 },
        { "id": "G", "beat": 4 },
        { "id": "BQ", "beat": 4 },
        { "id": "G", "beat": 4 },
        { "id": "Q", "beat": 4 },
        { "id": "W", "beat": 4 },
        { "id": "E", "beat": 8 },
        { "id": "W", "beat": 8 },
        { "id": "E", "beat": 8 },
        { "id": "W", "beat": 8 },
        { "id": "Q", "beat": 4 },
        { "id": "W", "beat": 4 }
    ]
  }
  